date,QQQ,SPY,IWM,TLT,GLD
D0000,0.0046991723,-0.0014080627,0.0044431102,0.0062684844,-0.0166523992
D0001,-0.0175703212,-0.0108537882,-0.0143615611,0.0023221424,-0.0084931354
D0002,0.0126635009,0.0117910918,0.0125762905,0.0070046695,0.0072333369
D0003,-0.0114324837,-0.0057778892,-0.0132077235,0.0078097493,0.0002638858
D0004,-0.0020857611,-0.0042716550,0.0039543263,-0.0004092297,-0.0038451582
D0005,-0.0044039218,-0.0004588055,0.0012051615,0.0041593018,0.0052466706
D0006,0.0301566364,0.0180385000,0.0170558805,-0.0103218585,0.0050086716
D0007,0.0161222758,0.0101372875,0.0057971328,-0.0085159719,0.0048420680
D0008,0.0107767251,0.0095252642,0.0055240619,0.0002850096,0.0019165208
D0009,0.0035069296,0.0062090798,0.0073023170,0.0051004912,0.0027166086
D0010,0.0044830087,0.0057929447,-0.0039146580,-0.0032199343,-0.0050168664
D0011,-0.0083778243,-0.0066073279,0.0026897658,-0.0044311241,0.0082928903
D0012,-0.0228461924,-0.0163400038,-0.0167953689,0.0074662454,0.0066856033
D0013,0.0114709497,0.0060613213,0.0040103077,0.0044633663,-0.0005151133
D0014,-0.0172031602,-0.0161540487,-0.0227898169,0.0051843815,0.0001615371
D0015,0.0100454180,0.0047832463,0.0067510964,0.0032259905,-0.0016599213
D0016,0.0068065002,0.0016322238,0.0000924595,-0.0040274048,-0.0120160265
D0017,0.0072249947,0.0027519724,0.0035835483,0.0024665430,0.0048999573
D0018,0.0096975613,0.0059999499,0.0039170030,-0.0020041755,-0.0156276812
D0019,-0.0195789033,-0.0185412369,-0.0257396194,0.0046790470,-0.0099669094
D0020,-0.0047646499,0.0026744311,-0.0009093947,0.0065642110,-0.0068058058
D0021,-0.0023709065,-0.0056405152,-0.0075069734,0.0060202846,-0.0156166589
D0022,0.0064967363,0.0053820037,0.0017318083,-0.0114652001,-0.0013512542
D0023,-0.0068618887,-0.0033840513,-0.0039620321,0.0128695300,0.0002914912
D0024,-0.0137081515,-0.0080998493,-0.0078420972,0.0121059189,0.0097347650
D0025,0.0054219585,0.0100628676,0.0016549550,-0.0051926919,-0.0088850341
D0026,-0.0049260656,-0.0091874707,-0.0045785001,-0.0010976481,-0.0146121411
D0027,-0.0135984126,-0.0074382638,-0.0032033997,0.0170925663,0.0304584434
D0028,0.0062193654,-0.0001914000,-0.0131688693,-0.0001992948,-0.0089186698
D0029,-0.0052801201,-0.0060601014,-0.0070526918,0.0083035123,0.0024639273
D0030,-0.0017222817,-0.0055921714,-0.0161179144,-0.0044152742,-0.0030273956
D0031,0.0249773961,0.0170063207,0.0251117740,-0.0063761031,-0.0099907910
D0032,-0.0128990706,-0.0115440681,0.0018659011,-0.0033831079,0.0070764657
D0033,-0.0120372040,-0.0037010271,-0.0027181406,0.0012314736,0.0000776692
D0034,-0.0085983140,-0.0035830958,-0.0075507575,-0.0076427247,-0.0137903436
D0035,0.0028680342,0.0088999077,0.0090794946,-0.0003507225,0.0040121159
D0036,0.0185756733,0.0132075853,0.0116493387,0.0055757995,0.0063086524
D0037,0.0217597680,0.0151329086,0.0084929653,-0.0133032623,0.0134562913
D0038,0.0243639520,0.0152437591,0.0145420860,0.0072161500,-0.0074699369
D0039,-0.0119235605,-0.0048930108,-0.0088319002,0.0018233449,-0.0015557039
D0040,0.0051545340,0.0096425844,0.0096423268,0.0047897051,-0.0165761151
D0041,-0.0001989831,-0.0037497182,-0.0112968534,-0.0071786871,-0.0057172270
D0042,0.0131694066,0.0028777954,0.0048056040,-0.0057419305,-0.0041581982
D0043,0.0143731077,0.0118571227,0.0212583240,-0.0020700667,-0.0047627741
D0044,-0.0026262011,-0.0005684559,0.0001702291,-0.0072141362,-0.0004403052
D0045,0.0036391378,0.0135272808,0.0244275776,-0.0045848697,-0.0005405415
D0046,-0.0198052093,-0.0154734595,-0.0145423905,0.0115312476,-0.0057139311
D0047,-0.0085894271,-0.0149708410,-0.0153713939,-0.0074388944,-0.0083878873
D0048,-0.0116759577,-0.0079714370,-0.0203644149,-0.0098398051,0.0160387327
D0049,-0.0173658094,-0.0161001453,-0.0046911627,0.0240943700,-0.0065621544
D0050,-0.0046272604,-0.0014430396,0.0092679507,-0.0054459186,-0.0023811573
D0051,0.0112490767,0.0093582517,0.0073582774,-0.0023565013,-0.0123267217
D0052,-0.0028245874,-0.0029340191,-0.0015214990,-0.0035238975,0.0035284602
D0053,0.0145111125,0.0102661764,0.0134556517,-0.0012115522,0.0010660179
D0054,-0.0095236639,-0.0047580615,-0.0063643893,0.0167945440,0.0177159475
D0055,0.0058235211,0.0005445135,-0.0059176835,0.0071723991,0.0032594749
D0056,0.0071303526,-0.0029123124,0.0047246264,0.0021716412,-0.0099332719
D0057,-0.0060585291,-0.0027218417,-0.0030603246,-0.0010202950,-0.0012276399
D0058,-0.0030158877,-0.0012186369,0.0080426357,-0.0173884059,-0.0049359524
D0059,0.0029224227,0.0032984029,0.0008089174,-0.0131113714,0.0006192539
D0060,0.0244150143,0.0093270727,0.0176698429,-0.0058326557,-0.0006858559
D0061,-0.0141156113,-0.0106235576,-0.0029844241,0.0067930815,0.0171803128
D0062,0.0167935855,0.0130063667,0.0253131617,0.0020781668,0.0105188939
D0063,-0.0036338966,-0.0020010539,-0.0069565691,0.0075504104,-0.0098130682
D0064,0.0113185471,0.0066560424,0.0152086704,0.0045520265,0.0191434303
D0065,0.0106037757,0.0001192560,0.0013765901,-0.0105600491,-0.0072959574
D0066,0.0214198480,0.0169063149,0.0133999278,-0.0102247850,-0.0003219380
D0067,-0.0163837484,-0.0135873299,-0.0123798655,0.0106596081,0.0066552948
D0068,-0.0312780974,-0.0190506076,-0.0211207450,0.0075934387,0.0149471429
D0069,-0.0281176043,-0.0209160415,-0.0187834782,-0.0075265719,0.0104145026
D0070,0.0055811333,0.0074575883,0.0035058655,0.0054105489,0.0117223031
D0071,0.0037035765,0.0035391031,0.0053583470,-0.0064244391,-0.0020415233
D0072,-0.0016375731,0.0006976572,0.0068185864,-0.0067061822,-0.0017182228
D0073,0.0210072345,0.0105684783,0.0071014233,-0.0019604624,0.0078819632
D0074,0.0006345407,0.0063390714,0.0110858013,0.0071806867,0.0081317912
D0075,0.0327344303,0.0206099611,0.0099051158,0.0063308982,-0.0020348248
D0076,0.0019712729,0.0071287487,-0.0041445964,-0.0094474884,-0.0165597354
D0077,-0.0105295040,-0.0048754213,-0.0025567766,0.0040353615,-0.0122103210
D0078,-0.0315388339,-0.0203196686,-0.0258167926,0.0075925632,0.0059927309
D0079,0.0023920366,0.0049903699,0.0061101306,0.0041217286,-0.0047791391
D0080,-0.0020129897,-0.0003679485,0.0046682921,-0.0019746656,0.0049952512
D0081,-0.0032079889,-0.0025310422,0.0026771300,-0.0136039612,-0.0145196815
D0082,-0.0200649684,-0.0233007059,-0.0277993197,0.0070086809,-0.0042675079
D0083,0.0032173034,0.0069763299,0.0151520612,0.0003078704,0.0143811369
D0084,0.0017529460,-0.0024464696,-0.0057596535,-0.0115359448,-0.0112752977
D0085,-0.0044854544,0.0006796393,0.0110551464,-0.0081509470,0.0032849946
D0086,-0.0139443930,-0.0069565881,-0.0092067259,-0.0111597086,0.0057862183
D0087,-0.0079083313,-0.0074368397,-0.0147636203,-0.0042899285,0.0017471566
D0088,-0.0021464896,0.0001240917,0.0020586277,0.0103809982,-0.0006332639
D0089,-0.0199911350,-0.0083112802,-0.0126924472,0.0113009771,0.0052812856
D0090,-0.0013412049,0.0007395546,0.0131431666,0.0165530329,0.0054045478
D0091,0.0026962234,0.0065782453,0.0004687272,0.0022676795,0.0007590282
D0092,0.0048265494,-0.0004169538,-0.0100367506,-0.0167480300,-0.0148331646
D0093,-0.0058804515,-0.0050519811,0.0073393224,0.0098078657,-0.0062608605
D0094,0.0052949767,0.0017624999,0.0004669041,0.0004611167,0.0058419772
D0095,-0.0042254902,0.0019932415,-0.0065551630,0.0006825480,0.0241292547
D0096,0.0035677851,0.0087170379,0.0085911522,0.0045571857,0.0017589752
D0097,-0.0018854366,-0.0045735115,-0.0014668214,-0.0059393862,0.0046526963
D0098,0.0155168546,0.0118519271,0.0107954536,0.0013603185,-0.0014140693
D0099,0.0134416549,0.0008372902,0.0007037616,-0.0171575142,-0.0178508821
D0100,0.0193775443,0.0167014880,0.0127479423,-0.0134080254,-0.0287076971
D0101,-0.0070559493,0.0061004452,0.0068264058,-0.0017161468,0.0054891809
D0102,-0.0211566589,-0.0150691056,-0.0158405229,0.0023201652,0.0064562068
D0103,0.0052525244,0.0064593479,0.0018268292,0.0059347904,0.0168168223
D0104,-0.0129688181,-0.0123035079,-0.0039947499,0.0007708598,0.0126162199
D0105,-0.0056567780,0.0027750537,0.0022265548,0.0034920084,0.0160214721
D0106,-0.0045374771,-0.0070195334,-0.0097676657,0.0034386397,-0.0148424841
D0107,0.0093107068,0.0038124031,0.0122866561,-0.0182667161,-0.0100845748
D0108,-0.0228960612,-0.0185312969,-0.0181208848,0.0017198638,-0.0037193832
D0109,-0.0017299045,-0.0001536068,-0.0070983392,0.0051401601,0.0067790887
D0110,0.0058123147,0.0063346115,0.0082734122,0.0145718273,0.0032109811
D0111,-0.0037795829,-0.0056992875,-0.0123402329,-0.0092331836,-0.0113378741
D0112,-0.0005033475,0.0012243511,0.0012363130,-0.0051990422,0.0075991223
D0113,0.0107234869,0.0064027547,0.0029271839,0.0022994080,0.0025257085
D0114,-0.0195929669,-0.0130380119,-0.0127752745,-0.0036477204,-0.0000002974
D0115,-0.0196857540,-0.0069297409,-0.0010997413,0.0021630285,0.0042885120
D0116,-0.0329221887,-0.0265441802,-0.0302045165,-0.0038246410,0.0029552316
D0117,0.0281561186,0.0133453078,0.0105737359,-0.0028886851,0.0149389754
D0118,-0.0164643252,-0.0095974075,0.0009189345,-0.0086753063,-0.0133885065
D0119,-0.0053944453,-0.0057329034,-0.0005384253,0.0028042012,-0.0159820409
D0120,0.0076191073,0.0025348545,0.0117413659,-0.0051119620,-0.0060426961
D0121,0.0079755697,0.0086573185,0.0116171269,-0.0126877905,0.0037348471
D0122,-0.0138579718,-0.0079518834,-0.0185223387,0.0047100602,-0.0078829731
D0123,-0.0172994549,-0.0081020757,-0.0083034214,-0.0015481534,0.0127707479
D0124,-0.0056306781,-0.0034593372,-0.0021996922,-0.0034633641,0.0035828210
D0125,-0.0069167642,-0.0062506736,0.0023716895,-0.0060268246,-0.0234278049
D0126,0.0228016787,0.0262099805,0.0235146247,-0.0161743520,-0.0032001269
D0127,-0.0034904868,-0.0030339484,-0.0105443778,0.0042316066,0.0048808846
D0128,-0.0202343247,-0.0100873272,0.0013863123,0.0054407889,-0.0015395533
D0129,-0.0014917891,0.0018117360,-0.0101142714,0.0009864088,-0.0039434692
D0130,0.0260846381,0.0163935153,0.0292671696,-0.0107387170,0.0057704481
D0131,0.0049026621,-0.0005238827,0.0014745621,0.0080239001,-0.0014091346
D0132,-0.0229722078,-0.0150283769,-0.0226814804,0.0003423167,-0.0025150763
D0133,-0.0231619274,-0.0221735614,-0.0197429998,-0.0009785104,-0.0261000163
D0134,0.0113531064,0.0087128789,0.0046085413,-0.0112274302,0.0060302848
D0135,0.0053177350,0.0140334592,0.0155869753,0.0034794879,0.0014433892
D0136,0.0117956400,0.0105521422,0.0191486346,-0.0043961871,-0.0029791829
D0137,-0.0061635554,-0.0004749156,0.0083279216,-0.0013020095,-0.0031118307
D0138,0.0048288917,0.0021661481,0.0088440924,-0.0165832106,-0.0103006378
D0139,-0.0103670807,-0.0168947412,-0.0225683356,-0.0065804534,-0.0058411734
D0140,0.0159004479,0.0094160640,0.0038925734,-0.0030377676,0.0094565819
D0141,-0.0130493274,-0.0124567215,-0.0092373790,0.0001805735,0.0050364568
D0142,0.0002870637,0.0033556924,-0.0039332921,-0.0001731134,-0.0019623616
D0143,-0.0163744738,-0.0175016174,-0.0132745937,-0.0005318581,-0.0111501225
D0144,-0.0008567243,0.0044801618,-0.0113337562,-0.0112507865,-0.0113226115
D0145,0.0207262262,0.0148928998,0.0211793084,-0.0105056540,-0.0105191558
D0146,0.0066823052,0.0047150296,0.0086889799,-0.0018478369,0.0030676554
D0147,0.0026675150,0.0052481569,0.0101666739,-0.0113069209,-0.0219004105
D0148,0.0143590768,0.0147019061,0.0082220787,-0.0153459132,-0.0010146268
D0149,0.0133763957,0.0167380709,0.0198800728,-0.0033639061,-0.0065316132
D0150,0.0006348905,-0.0008140750,-0.0073100393,0.0143801699,0.0188896883
D0151,0.0162203453,0.0066564657,0.0139556795,0.0026049377,0.0056174348
D0152,0.0177949232,0.0145241355,0.0201939417,0.0029901698,0.0058299959
D0153,-0.0242423363,-0.0154151967,-0.0209539852,-0.0061103468,0.0126686828
D0154,0.0244378136,0.0220523385,0.0245650351,0.0073701607,0.0043169186
D0155,0.0032866966,-0.0025675809,0.0008964336,-0.0001480956,-0.0122905071
D0156,-0.0002333348,-0.0004178716,0.0113322595,0.0075196032,0.0027012143
D0157,0.0039240585,0.0028478525,0.0016998394,-0.0083602743,-0.0028501204
D0158,-0.0098637595,-0.0118642246,-0.0085076022,0.0040440674,-0.0167690478
D0159,-0.0012240588,0.0036584068,0.0098096735,0.0087279541,0.0034526630
D0160,-0.0112350370,-0.0120297813,-0.0099717244,0.0041363409,0.0116572879
D0161,0.0157204755,0.0097939752,0.0027859479,-0.0049775175,0.0012961505
D0162,-0.0023244201,-0.0039751967,-0.0021923446,-0.0033427405,-0.0067852617
D0163,0.0047925210,0.0014559630,0.0035869651,0.0014249452,-0.0099826061
D0164,-0.0061931846,0.0023480839,-0.0067133100,-0.0143748919,-0.0201673088
D0165,0.0008796164,0.0007967167,-0.0000047287,0.0088339636,-0.0228123225
D0166,0.0059633182,0.0108483556,0.0028174125,-0.0032996408,-0.0067524757
D0167,-0.0119182807,-0.0091493049,-0.0005196562,0.0157058255,0.0000745392
D0168,0.0268778434,0.0178342075,0.0311949830,-0.0033480608,0.0033068991
D0169,0.0055411906,0.0176779378,0.0215690726,-0.0039830233,0.0112120112
D0170,-0.0045383371,-0.0050370583,0.0008297647,0.0012114328,0.0028378305
D0171,0.0006700074,0.0020024173,0.0045502765,-0.0137201480,0.0039597124
D0172,-0.0131333194,-0.0148477527,-0.0153432237,0.0018942794,-0.0077351413
D0173,0.0119932095,0.0020385829,0.0010207047,-0.0065315912,-0.0020444593
D0174,0.0043408862,-0.0015015893,0.0041314735,-0.0000793497,-0.0174299649
D0175,-0.0266673355,-0.0174239692,-0.0208792805,0.0029158636,-0.0013352915
D0176,0.0036021560,0.0066062752,-0.0010967108,-0.0090113047,-0.0116325063
D0177,0.0044801991,0.0084871296,0.0051177312,-0.0183722187,-0.0185885952
D0178,-0.0110686133,-0.0096100757,-0.0128134689,0.0014980828,-0.0037547936
D0179,0.0150186705,0.0069455541,0.0027371831,0.0008827223,-0.0139265079
D0180,0.0058768099,0.0043823290,0.0037030898,0.0108967154,-0.0030502657
D0181,0.0290292393,0.0180956928,0.0118996276,-0.0040121277,-0.0097382194
D0182,-0.0099421663,-0.0046781536,-0.0020837790,-0.0025985403,0.0086785435
D0183,0.0165177402,0.0172069355,0.0208931683,0.0087079005,-0.0132287301
D0184,-0.0039295802,-0.0062960155,-0.0053227694,-0.0038051034,-0.0029698158
D0185,0.0265606825,0.0167246714,0.0214041463,-0.0050469818,0.0015419243
D0186,0.0005595738,0.0024210513,0.0097459374,0.0128297116,0.0066098892
D0187,0.0086465423,0.0006885332,0.0013984619,0.0052797267,0.0089419764
D0188,0.0034088257,0.0062106137,0.0090396520,0.0090493176,0.0057379077
D0189,-0.0044533248,-0.0013542958,-0.0211886489,0.0022890053,-0.0348901671
D0190,-0.0234087673,-0.0132521843,-0.0121839743,-0.0047146540,-0.0083445935
D0191,0.0194701032,0.0107026874,0.0270641206,-0.0016633060,0.0056832358
D0192,0.0228839634,0.0156393802,0.0105713759,-0.0041981680,-0.0001287106
D0193,-0.0184373510,-0.0131069089,-0.0192276930,0.0089323635,0.0005450780
D0194,-0.0034429902,-0.0026349517,-0.0014286255,0.0051713812,-0.0082417012
D0195,-0.0139588573,-0.0041983191,-0.0086949028,-0.0080000906,0.0022148415
D0196,0.0068978924,-0.0021248577,0.0007810810,0.0040126016,0.0039405840
D0197,0.0092346306,-0.0000398332,0.0036217962,-0.0037720162,-0.0053185906
D0198,0.0125409572,0.0147927449,0.0264596435,0.0095185026,0.0038276142
D0199,0.0053644325,0.0069653287,0.0075883877,0.0007564950,0.0088132762
D0200,-0.0003453898,-0.0033449542,-0.0056992958,0.0042989483,0.0002873491
D0201,0.0051910576,0.0064268177,0.0038452519,0.0050615459,0.0052291122
D0202,-0.0166367104,-0.0044677860,-0.0099537046,-0.0092678247,-0.0118272211
D0203,-0.0136741654,-0.0086360097,-0.0115342487,-0.0005549815,0.0047701917
D0204,0.0051864202,0.0048683961,0.0076584889,0.0042619232,-0.0177712552
D0205,-0.0045744490,-0.0124874892,-0.0112716103,-0.0001937074,0.0080333952
D0206,0.0169352561,0.0120608952,0.0098072837,0.0012210783,-0.0036139260
D0207,0.0004568901,0.0047166415,0.0003899088,0.0061171580,0.0080276102
D0208,-0.0127559803,-0.0039855671,-0.0010247736,0.0033827547,-0.0060041823
D0209,-0.0114312857,-0.0097593027,-0.0067640623,-0.0052380858,0.0023151093
D0210,-0.0167329236,-0.0117638682,-0.0122061484,0.0202168408,-0.0095910155
D0211,0.0208763948,0.0144079977,0.0184536785,-0.0015782855,0.0055342711
D0212,-0.0016536849,0.0053908870,0.0012775775,0.0090370574,-0.0033749521
D0213,-0.0003588216,-0.0048592424,-0.0012933823,0.0104818853,0.0010716986
D0214,-0.0022523888,-0.0062860642,-0.0073194215,-0.0117540159,-0.0117813088
D0215,0.0036191497,0.0082489311,0.0260255088,-0.0027122836,0.0155172271
D0216,0.0038542823,0.0019434551,0.0050831380,0.0002111758,0.0015578813
D0217,-0.0051827752,-0.0094496200,-0.0191369113,0.0042702806,-0.0036854766
D0218,-0.0077848252,-0.0049730166,-0.0004047212,0.0029042209,-0.0054018142
D0219,0.0174710134,0.0184586355,0.0218947049,0.0057815196,0.0152281342
D0220,0.0161378949,0.0133460798,0.0179796657,0.0022844313,-0.0078325483
D0221,0.0101873006,0.0007966134,-0.0028866755,0.0072917822,0.0086844535
D0222,0.0210895932,0.0126956719,0.0067699692,-0.0051526464,0.0004848263
D0223,0.0015708712,0.0060940070,0.0030433762,0.0028156567,-0.0078080179
D0224,0.0067170013,0.0044953768,-0.0000106451,-0.0028478090,-0.0021774393
D0225,-0.0032678077,0.0057283432,0.0036442728,-0.0004673261,-0.0184841362
D0226,-0.0119163586,-0.0088704368,-0.0141428159,0.0114013393,-0.0003617252
D0227,0.0183323494,0.0123555835,0.0138194820,-0.0029584272,0.0007402482
D0228,0.0242964502,0.0057973897,-0.0041636249,-0.0090906391,-0.0027812265
D0229,0.0100401388,0.0087353054,0.0065699770,0.0062263910,0.0116673106
D0230,0.0030269923,0.0062957397,0.0076177928,-0.0038145304,0.0067736092
D0231,0.0020091443,0.0014060998,0.0111385759,-0.0172943313,-0.0156419166
D0232,-0.0159750593,-0.0119671991,-0.0146423935,-0.0089459475,-0.0122365772
D0233,-0.0114539538,0.0033843455,0.0127325276,0.0006302049,-0.0011915667
D0234,-0.0154502799,-0.0184108718,-0.0191621505,-0.0059070572,-0.0041951935
D0235,-0.0217005781,-0.0174665036,-0.0176596297,0.0055140493,0.0033395199
D0236,-0.0178240667,-0.0078265851,-0.0149894906,0.0071772346,0.0005130250
D0237,-0.0185987473,-0.0134777579,-0.0123071195,0.0071868983,-0.0008763776
D0238,0.0217046505,0.0187181721,0.0178982533,0.0029677700,0.0205191643
D0239,0.0276459532,0.0127856280,0.0094253943,0.0062256658,-0.0080220899
D0240,-0.0178525068,-0.0137361646,-0.0120432949,0.0018220979,-0.0067399750
D0241,-0.0088675160,-0.0088486063,-0.0148838246,0.0172594626,0.0049116590
D0242,0.0127655158,0.0062920554,0.0062373940,-0.0070996688,-0.0255501102
D0243,-0.0186212230,-0.0200579944,-0.0350922166,-0.0078910703,0.0071365229
D0244,-0.0001396369,0.0056636459,0.0074542835,0.0066246216,-0.0057818443
D0245,0.0077374682,0.0083511636,0.0045938045,0.0032091921,0.0066678133
D0246,-0.0071398930,-0.0095209702,-0.0171676388,0.0006962713,0.0014314880
D0247,-0.0105071851,-0.0066754943,-0.0037885575,0.0063682099,0.0154820887
D0248,0.0181734813,0.0075814758,0.0205086935,-0.0058351339,0.0099836454
D0249,0.0014183966,-0.0007971773,-0.0123634579,-0.0023420329,-0.0160067466
D0250,0.0138816978,0.0158351512,0.0105787488,0.0007299349,-0.0050197519
D0251,-0.0082337892,-0.0019016203,-0.0033200256,0.0142678443,-0.0014260239
D0252,0.0143256903,0.0098899244,0.0160152702,-0.0046470152,0.0000938959
D0253,-0.0011244735,-0.0043239795,0.0003943404,0.0049921992,0.0063789422
D0254,0.0217765323,0.0207063567,0.0188348103,0.0003439024,-0.0034759139
D0255,0.0007998647,-0.0020262286,0.0089655016,0.0032006177,-0.0006977130
D0256,0.0170181890,0.0016880266,-0.0089794233,0.0017228627,-0.0004850534
D0257,0.0039470500,-0.0031586712,-0.0022548945,0.0136270316,0.0099031281
D0258,0.0028281021,0.0000073378,-0.0021702267,-0.0161436531,-0.0011683800
D0259,0.0121934850,0.0011440688,-0.0013799633,-0.0109562794,-0.0117526464
D0260,0.0012173762,-0.0082755581,-0.0029067300,0.0048641625,-0.0021875814
D0261,-0.0339031980,-0.0264836700,-0.0203031125,-0.0153294025,-0.0083597884
D0262,-0.0158770832,-0.0067723708,-0.0129412583,0.0052808721,0.0056151485
D0263,0.0259238886,0.0161619041,0.0205685925,-0.0141263558,0.0099111270
D0264,-0.0100634715,-0.0089654558,-0.0095610161,-0.0101317836,-0.0008722292
D0265,0.0138840127,0.0104598174,0.0007869454,-0.0032835225,0.0064853288
D0266,-0.0255502874,-0.0213605184,-0.0168601130,0.0055503169,0.0032517522
D0267,0.0262463662,0.0193230965,0.0251749403,0.0168460372,0.0039199376
D0268,-0.0105814253,-0.0049614243,-0.0031978570,-0.0018577962,-0.0099613367
D0269,0.0324876252,0.0227857046,0.0200630240,0.0021839594,0.0013854823
D0270,-0.0030284170,0.0005731661,-0.0085527601,0.0027549404,0.0178699202
D0271,0.0069368056,0.0029727575,0.0003159155,-0.0041986338,-0.0032078156
D0272,-0.0047597159,0.0009953701,-0.0113763838,0.0066474569,-0.0026790539
D0273,0.0057001958,-0.0011350861,0.0086366594,0.0085946065,0.0111129616
D0274,-0.0205163375,-0.0097011134,-0.0091391871,-0.0082088467,-0.0023024047
D0275,0.0055281636,0.0061466088,0.0072834529,0.0018395136,0.0149564111
D0276,0.0174674234,-0.0010776368,-0.0001406587,-0.0048326944,-0.0181217341
D0277,0.0017814450,0.0067374127,-0.0011285120,0.0023764389,-0.0075372756
D0278,-0.0088356349,0.0007925304,-0.0044226136,0.0051004409,-0.0160300362
D0279,0.0262854859,0.0199378499,0.0201949234,0.0009302112,-0.0108165804
D0280,0.0168645261,0.0097003552,0.0097200170,-0.0059778889,-0.0057797604
D0281,0.0101034202,0.0078225751,0.0125953307,-0.0008753228,0.0058479139
D0282,-0.0053285075,0.0063933951,-0.0057707940,0.0102819597,0.0151935804
D0283,-0.0113336205,0.0024607625,0.0066743377,0.0102121225,0.0038191054
D0284,-0.0025342811,-0.0024936729,-0.0000575381,0.0108013462,0.0039396566
D0285,-0.0121552308,-0.0042490115,0.0003105108,0.0073721968,0.0088462950
D0286,-0.0032785205,-0.0061421848,-0.0115589397,-0.0121498493,-0.0015072518
D0287,-0.0006803010,-0.0022931740,-0.0215239332,-0.0104592527,0.0063574260
D0288,-0.0087346601,-0.0040478869,-0.0141086457,0.0113167823,0.0000381424
D0289,0.0044957725,0.0132458059,0.0219663019,-0.0009712271,-0.0029032334
D0290,-0.0040354393,-0.0003160762,-0.0016983069,-0.0020162352,0.0133184505
D0291,-0.0011066098,0.0094637269,0.0084418738,0.0143518874,0.0079038213
D0292,0.0138215696,0.0059485075,0.0017401136,0.0008892220,0.0093532968
D0293,0.0010340932,-0.0048895873,-0.0129930256,-0.0116090430,-0.0202076630
D0294,0.0019935149,0.0063327030,0.0055999797,-0.0161263481,-0.0041114457
D0295,-0.0017799915,0.0081285229,-0.0029658344,-0.0022485390,0.0159317385
D0296,0.0067123041,0.0069534808,0.0077607259,0.0019334835,0.0085726685
D0297,-0.0107422354,-0.0030885193,-0.0135083467,0.0037281220,0.0016935743
D0298,-0.0080648289,-0.0052933245,-0.0100231656,-0.0068766509,-0.0054443007
D0299,-0.0148236539,-0.0081994536,-0.0171008520,0.0069472179,-0.0107432540
D0300,-0.0073719194,-0.0074842251,0.0009945098,0.0039197440,-0.0011800692
D0301,0.0073877923,-0.0043368657,-0.0028168890,0.0127661070,0.0029975938
D0302,0.0014173785,0.0034209995,0.0089757533,-0.0139466498,-0.0173943535
D0303,0.0033905538,-0.0008362994,0.0083964963,-0.0022992039,-0.0178187044
D0304,-0.0170968306,-0.0231858246,-0.0242907755,-0.0002017377,-0.0068947692
D0305,0.0154280485,0.0154490219,0.0146170053,-0.0170848434,0.0039732788
D0306,0.0081727598,0.0067938475,0.0135549853,-0.0088597513,0.0181524959
D0307,-0.0128202284,-0.0050146812,-0.0175655878,-0.0053709117,0.0118162170
D0308,-0.0031395412,0.0017202447,0.0024377674,0.0002845203,0.0133027765
D0309,-0.0028035925,-0.0095733602,-0.0139879167,0.0033895311,0.0026627243
D0310,-0.0212411955,-0.0170004863,-0.0219746962,-0.0002156111,-0.0148061289
D0311,-0.0082322145,-0.0085042676,-0.0036532724,0.0072185983,-0.0003197495
D0312,-0.0049569704,-0.0025446879,-0.0084246339,-0.0078703853,-0.0108884654
D0313,-0.0083214930,-0.0104732143,-0.0093499030,0.0061722116,-0.0145210962
D0314,0.0008244417,-0.0003414849,0.0020240659,0.0000052991,-0.0132564353
D0315,-0.0170188807,-0.0109252257,-0.0055079191,-0.0131739553,0.0001298967
D0316,0.0169628018,0.0105157646,0.0153813498,-0.0070982833,-0.0011984089
D0317,-0.0219875594,-0.0246062575,-0.0186050746,-0.0046048885,-0.0074697676
D0318,-0.0187380931,-0.0183742971,-0.0200550608,-0.0033140129,0.0007238658
D0319,0.0067477835,0.0059114752,0.0076889371,0.0109803603,-0.0067436032
D0320,-0.0002851352,0.0048748141,0.0123539846,-0.0090875206,-0.0032120316
D0321,0.0192979797,0.0149487150,0.0172355981,-0.0037607904,-0.0025687784
D0322,0.0044705312,0.0019025333,0.0020345428,-0.0000220270,-0.0060869586
D0323,0.0078508104,0.0180271670,0.0050149459,0.0018508009,-0.0050955479
D0324,0.0084782380,0.0058390729,0.0113489755,0.0079425866,0.0045157074
D0325,0.0161649605,0.0003665005,0.0133907439,0.0004177260,0.0105033851
D0326,-0.0164296983,-0.0143187161,-0.0141023963,0.0019700125,0.0016439000
D0327,0.0155061579,0.0024793789,0.0110428117,-0.0022100011,-0.0019060912
D0328,-0.0199115503,-0.0107378052,-0.0284149342,0.0066518819,-0.0145798968
D0329,0.0012170475,0.0003581987,0.0081195086,-0.0008172687,-0.0058394203
D0330,-0.0065446630,0.0013935863,0.0035516197,-0.0009667760,-0.0015340598
D0331,-0.0212428425,-0.0121125630,-0.0255219686,0.0078501326,0.0008836545
D0332,0.0335562330,0.0172159285,0.0196082321,0.0081533513,0.0141247139
D0333,-0.0091724016,-0.0049346478,-0.0058053483,0.0035488149,-0.0060465130
D0334,-0.0007616740,-0.0074342280,-0.0056614532,0.0029008562,-0.0024371814
D0335,-0.0219063110,-0.0099105657,-0.0098156309,-0.0015589988,-0.0033068307
D0336,-0.0203211326,-0.0177209608,-0.0221487957,0.0111700584,-0.0057560656
D0337,0.0093487178,0.0038392825,0.0064135384,-0.0022763727,0.0080891563
D0338,-0.0069355980,-0.0113632053,-0.0200065851,-0.0041295545,-0.0145608787
D0339,0.0061611946,0.0020716331,0.0183173009,-0.0124329233,0.0008255148
D0340,-0.0151557691,-0.0120026910,-0.0119378883,-0.0148891261,-0.0019598316
D0341,0.0268480091,0.0156662630,0.0195370174,0.0038831757,0.0009066274
D0342,-0.0075751609,-0.0148712729,-0.0098449704,-0.0003283165,-0.0109733117
D0343,0.0022306560,-0.0010191135,-0.0040261454,0.0037550064,-0.0120551426
D0344,0.0149906160,0.0037566421,0.0013144680,0.0111973935,0.0124939433
D0345,0.0018288547,-0.0028498796,-0.0056647698,-0.0002314171,-0.0003973048
D0346,-0.0007831622,-0.0005629364,-0.0020807500,-0.0103777985,-0.0070009287
D0347,0.0131516884,0.0026819337,0.0031908541,-0.0083095332,-0.0007729185
D0348,-0.0049097592,0.0033621946,0.0053141842,-0.0078677590,0.0056718528
D0349,-0.0102594751,-0.0091651069,-0.0075602357,-0.0021421724,0.0070908966
D0350,-0.0102575101,-0.0093481228,-0.0140801861,-0.0031627328,0.0082243823
D0351,0.0091904880,0.0136131238,0.0279940140,-0.0067992478,0.0023390004
D0352,-0.0158244137,-0.0136889616,-0.0185525692,-0.0060433728,-0.0127325110
D0353,-0.0015234031,-0.0062574781,-0.0001451467,-0.0064643933,0.0243621303
D0354,-0.0057794100,-0.0033813502,-0.0124182929,0.0127836711,0.0120881013
D0355,0.0045910577,-0.0028267916,-0.0003289812,-0.0091411447,0.0112735947
D0356,0.0116905754,0.0081564478,-0.0071092147,-0.0097420083,0.0039106202
D0357,0.0172851785,0.0162720512,0.0063070730,-0.0002937087,0.0103915048
D0358,-0.0225061802,-0.0146809082,-0.0145907991,0.0011478840,-0.0180598474
D0359,-0.0040375611,-0.0039955998,-0.0051266772,-0.0036258913,-0.0052913215
D0360,-0.0000740869,0.0019805050,-0.0003773681,-0.0027858248,0.0005157834
D0361,-0.0261452020,-0.0149323003,-0.0172151150,0.0042055034,0.0085713892
D0362,-0.0265872889,-0.0259892092,-0.0249460645,0.0029929603,-0.0005167344
D0363,-0.0059282888,-0.0008764544,0.0043130776,0.0052147860,-0.0006333131
D0364,-0.0287336388,-0.0153428062,-0.0099823152,0.0096788770,-0.0066323672
D0365,0.0098141030,0.0102895280,0.0206064931,-0.0064638979,-0.0012653188
D0366,0.0108324077,0.0074276632,0.0007757834,0.0011812608,0.0058077712
D0367,0.0016952416,0.0021594648,0.0003718848,0.0106625634,-0.0059217737
D0368,-0.0076633102,-0.0048825845,0.0002440943,-0.0093031407,-0.0139242168
D0369,-0.0277640722,-0.0179440684,-0.0273936657,0.0006066956,0.0040367791
D0370,-0.0084147559,-0.0044065986,-0.0072034060,0.0061493027,0.0052470739
D0371,-0.0091131092,-0.0066207545,-0.0004043873,0.0046804082,-0.0119610786
D0372,0.0095622028,0.0015789516,0.0121548294,0.0065112365,0.0047952218
D0373,0.0026552329,0.0009047543,0.0056070995,-0.0026875875,0.0021427324
D0374,0.0125600650,0.0058380537,0.0029926562,-0.0108141597,-0.0119149843
D0375,-0.0248629868,-0.0129824193,-0.0034638481,0.0151068450,-0.0118858036
D0376,0.0105217320,0.0132199101,0.0100101754,-0.0001524708,-0.0171645446
D0377,0.0041728063,-0.0018561693,0.0003587531,-0.0121728540,0.0022886105
D0378,0.0146746016,0.0062495420,0.0002830802,-0.0184584180,-0.0064058344
D0379,-0.0075839438,-0.0116930812,-0.0083612127,-0.0025582390,-0.0116373454
D0380,-0.0072094606,0.0000728409,0.0027478157,0.0009318611,0.0066430467
D0381,-0.0156125370,-0.0099917646,-0.0102557907,-0.0010677899,0.0030580466
D0382,-0.0103396006,-0.0044427770,-0.0019734484,-0.0192294857,0.0071757481
D0383,-0.0417600269,-0.0299552221,-0.0259493453,0.0037482179,-0.0151355972
D0384,-0.0146815804,-0.0050130609,-0.0194118132,0.0099050244,0.0003514790
D0385,-0.0160488555,-0.0129814011,-0.0205243786,0.0079095729,0.0065744083
D0386,-0.0233491434,-0.0169710629,-0.0241487418,0.0121717067,-0.0120845071
D0387,0.0227087161,0.0148027483,0.0087796886,-0.0084595896,-0.0083126613
D0388,-0.0171883602,-0.0107488177,-0.0201877421,-0.0139537448,-0.0079711766
D0389,-0.0245090479,-0.0192616602,-0.0266032319,-0.0036257006,0.0153652734
D0390,0.0012579813,0.0019865455,-0.0098042099,-0.0055371959,0.0002198669
D0391,-0.0137224456,-0.0049073829,-0.0144459435,-0.0002530214,-0.0062824107
D0392,0.0027534608,-0.0009264993,-0.0021701556,-0.0023598135,-0.0075843661
D0393,0.0071989596,0.0058445086,0.0055609240,-0.0039147184,0.0072414739
D0394,-0.0027921649,-0.0030898925,-0.0024855590,0.0128115064,-0.0099803765
D0395,0.0111454042,-0.0009370664,0.0024281815,0.0093910200,0.0061235961
D0396,0.0028408318,-0.0005176641,0.0001746537,-0.0023089752,-0.0078249007
D0397,-0.0035411079,-0.0013611197,-0.0068515120,-0.0055316650,-0.0141418593
D0398,0.0058911304,0.0063369496,0.0078638473,0.0067248739,0.0031742122
D0399,0.0059089514,0.0052876807,0.0048494666,-0.0044435572,0.0202250876
D0400,-0.0057872614,-0.0066283272,-0.0038533203,0.0026882812,-0.0129093027
D0401,0.0160350486,0.0101669749,0.0040318278,0.0060534161,0.0074741529
D0402,-0.0170487143,-0.0032662224,-0.0013892795,0.0034799472,0.0160550427
D0403,0.0026838502,0.0017184601,-0.0024739049,0.0036929121,0.0050703592
D0404,0.0006796381,-0.0029407011,-0.0016110034,-0.0007377104,-0.0128051708
D0405,-0.0199212114,-0.0104712807,-0.0294203092,0.0033607467,-0.0059297169
D0406,0.0186067843,0.0100961410,0.0160145793,-0.0051857606,0.0012905691
D0407,0.0106877849,0.0050486057,0.0125824028,-0.0082825195,0.0020421222
D0408,0.0132627752,0.0116660067,0.0247070618,-0.0060288303,-0.0115733938
D0409,-0.0133039989,-0.0057213748,-0.0039171969,0.0032281667,-0.0097318975
D0410,0.0111039722,0.0019726261,0.0110865205,0.0194856091,0.0080422058
D0411,0.0085573096,0.0035209762,-0.0074912947,-0.0064951665,-0.0121538247
D0412,-0.0195774080,-0.0051622239,-0.0059657822,0.0064592236,-0.0013308751
D0413,-0.0019195775,0.0030663020,0.0020269343,0.0046779696,-0.0002296061
D0414,-0.0042656029,-0.0088879703,-0.0213505020,-0.0027355976,-0.0022345841
D0415,-0.0173478964,-0.0114213101,-0.0123827895,-0.0131983115,-0.0121591057
D0416,0.0061203375,0.0057916634,-0.0016509421,0.0000817126,0.0095984273
D0417,0.0112454094,0.0070271442,0.0047616777,-0.0062423967,0.0035340355
D0418,0.0031800774,0.0049318389,0.0055535749,0.0060159401,0.0029223775
D0419,0.0113509539,0.0113406878,0.0062610379,-0.0145930279,0.0122410257
D0420,0.0040331461,-0.0048073344,-0.0081802667,0.0041376274,-0.0029175148
D0421,-0.0066203138,0.0019064152,-0.0064096259,-0.0046649268,0.0010519402
D0422,0.0058873872,0.0061193119,0.0121346265,0.0014396814,0.0061477048
D0423,-0.0031161122,-0.0016790439,-0.0013145061,0.0022159992,0.0076334765
D0424,0.0081697865,0.0056268948,0.0008113413,-0.0008436685,-0.0002326183
D0425,0.0031534355,0.0118432578,0.0071596220,0.0034995855,0.0121133378
D0426,0.0018343693,0.0115568038,0.0076496398,0.0030900452,-0.0051801657
D0427,-0.0043954844,-0.0016982517,0.0033006199,0.0035822682,0.0128779527
D0428,-0.0008399050,-0.0019239539,0.0158880775,0.0042805873,-0.0044401909
D0429,-0.0091454009,-0.0100424731,-0.0040392499,-0.0012265724,0.0003599934
D0430,-0.0004039570,0.0030344363,-0.0030884352,-0.0077296438,0.0005895410
D0431,0.0088047033,0.0073091488,0.0023542873,0.0036406070,-0.0057058460
D0432,-0.0067516558,-0.0084812535,0.0000883134,0.0058953125,0.0066040575
D0433,0.0177609161,0.0240674367,0.0122850138,-0.0072578963,-0.0050543731
D0434,-0.0113150612,-0.0120552929,-0.0142328167,-0.0077930271,0.0000166428
D0435,0.0011926619,0.0029791192,0.0060160028,0.0048291018,-0.0016714543
D0436,0.0298724749,0.0206679694,0.0104005589,-0.0120252283,-0.0175092243
D0437,0.0007164259,0.0000189365,-0.0029983587,0.0144312695,0.0078775575
D0438,0.0105389679,0.0028928322,-0.0023766370,-0.0019053724,0.0007994375
D0439,-0.0252498697,-0.0172342035,-0.0189379157,0.0019474090,-0.0087036279
D0440,-0.0070010643,-0.0052743833,-0.0051498216,0.0054750771,0.0107502699
D0441,-0.0036030855,-0.0042773033,-0.0014528910,0.0051004237,-0.0031431599
D0442,0.0114300145,0.0118702694,0.0204768696,0.0125926287,-0.0032300353
D0443,0.0006688016,0.0005724451,-0.0001036932,-0.0047224794,-0.0146270709
D0444,0.0017606069,-0.0021381265,-0.0010317587,-0.0061770245,-0.0117042028
D0445,0.0037232605,0.0031852325,0.0070854083,0.0159153229,0.0066190569
D0446,0.0071987919,0.0000629618,-0.0072437973,0.0096208614,-0.0074449392
D0447,-0.0139915145,-0.0092447206,-0.0109033354,-0.0045877633,-0.0046054395
D0448,0.0175137365,0.0080076559,0.0005780875,0.0036132120,0.0051937766
D0449,-0.0081233893,-0.0121830153,-0.0167262496,-0.0001884043,0.0088928291
D0450,-0.0138894854,-0.0093774885,-0.0059797362,-0.0150371365,0.0060406850
D0451,-0.0159110341,-0.0088707832,-0.0086953082,0.0104832161,0.0067476660
D0452,-0.0324699589,-0.0246157425,-0.0256459558,0.0028762324,0.0026612476
D0453,0.0114157827,0.0102304315,0.0091939625,-0.0147121618,-0.0061428316
D0454,0.0062465106,-0.0006169620,0.0045971206,0.0057441299,0.0024825571
D0455,-0.0419838074,-0.0330102719,-0.0229531893,0.0022314391,-0.0202247064
D0456,0.0175951102,0.0116606124,0.0201050698,0.0002977389,0.0061394938
D0457,0.0055070258,0.0067540511,0.0215750448,0.0078628678,-0.0108280347
D0458,0.0066663372,0.0094634905,0.0170370130,-0.0028056989,0.0121716226
D0459,0.0133334916,0.0201145014,0.0144546056,-0.0046161311,-0.0015405087
D0460,-0.0063176499,-0.0079602310,-0.0260492417,-0.0038688726,0.0002115471
D0461,-0.0063592218,0.0044255582,0.0027458191,0.0112695465,0.0057660856
D0462,0.0119291193,0.0091200958,0.0187140385,-0.0002997344,0.0063362068
D0463,0.0055530877,0.0024533444,0.0056226006,0.0157458983,0.0012341079
D0464,0.0062894275,0.0097277254,0.0167902734,0.0004619944,-0.0200015310
D0465,0.0076370185,-0.0046670304,0.0068671334,0.0000782879,0.0091952394
D0466,-0.0120258948,-0.0146070775,-0.0128584307,0.0009906435,-0.0058782841
D0467,0.0016494855,0.0133231347,0.0170829152,0.0091694441,0.0122400832
D0468,0.0209796086,0.0129821918,0.0010767636,-0.0051552911,0.0066041676
D0469,-0.0129639797,-0.0091752155,-0.0146177326,0.0124562007,0.0083151561
D0470,0.0095056947,0.0090379630,0.0090153789,0.0005401141,-0.0097670027
D0471,-0.0298250472,-0.0187773520,-0.0189910499,0.0132476349,0.0158251144
D0472,0.0222343243,0.0102538389,0.0101205830,0.0000134079,0.0240873341
D0473,0.0209884374,0.0187409349,0.0169376372,-0.0088568599,0.0074325736
D0474,-0.0147775409,-0.0106349712,-0.0123852603,0.0136147811,-0.0015069105
D0475,-0.0333286320,-0.0195137620,-0.0269178276,0.0048847658,-0.0018073650
D0476,-0.0033169904,0.0013862646,-0.0094863464,-0.0035622828,0.0051844393
D0477,-0.0080342246,-0.0122416906,-0.0074920579,0.0090499097,0.0003578410
D0478,-0.0266985752,-0.0142887167,-0.0276413370,0.0055496843,-0.0090739833
D0479,-0.0155976712,-0.0120657162,-0.0141957059,-0.0027046579,0.0036395597
D0480,-0.0057057500,0.0006567929,0.0013885254,-0.0036041128,-0.0081943947
D0481,-0.0223559621,-0.0132705616,-0.0174814769,-0.0141456021,-0.0091611046
D0482,-0.0120109674,-0.0008540726,-0.0139728661,-0.0088565337,0.0079277307
D0483,0.0192791604,0.0094312478,0.0070867428,0.0013832682,-0.0208073335
D0484,-0.0253175295,-0.0177196989,-0.0092906005,0.0010384244,0.0003601325
D0485,0.0161890329,0.0199378921,0.0159175207,-0.0015481107,0.0187672011
D0486,-0.0206195086,-0.0088967379,-0.0178034943,0.0036623011,-0.0025402847
D0487,-0.0128006023,-0.0126125569,-0.0111796081,0.0088538777,-0.0005632806
D0488,0.0014478675,0.0035422039,-0.0031631348,0.0051233651,0.0086912664
D0489,0.0365590593,0.0223623432,0.0221813373,0.0003834779,0.0095473601
D0490,-0.0069394204,-0.0062282667,-0.0030014713,-0.0048594817,-0.0050932371
D0491,0.0017178295,0.0055850490,0.0010366343,-0.0133793252,-0.0199627028
D0492,-0.0169776340,-0.0167967109,-0.0182848807,-0.0068515960,-0.0098312828
D0493,-0.0102516315,-0.0085603301,-0.0004254239,0.0068090254,0.0014691514
D0494,-0.0059130332,-0.0056885577,-0.0037676441,0.0051783731,-0.0077016474
D0495,0.0009817662,-0.0081978827,-0.0055202374,0.0047873779,-0.0026748010
D0496,0.0256508883,0.0130032142,0.0167810350,-0.0038929502,-0.0004922801
D0497,-0.0011081658,-0.0001696572,0.0051693319,0.0107916091,0.0027921701
D0498,0.0117754092,0.0047095648,0.0109620042,-0.0069553636,0.0094689975
D0499,0.0311127933,0.0199135164,0.0077980623,-0.0091943557,0.0102619602
D0500,0.0081411143,0.0065074328,0.0134830637,0.0031558630,0.0132768920
D0501,0.0132182049,0.0154224267,0.0176952622,0.0057729648,0.0004991829
D0502,-0.0078592729,0.0024393256,0.0021262753,0.0079274598,0.0036677368
D0503,-0.0076521524,-0.0048752927,0.0039059836,0.0059265217,-0.0141880702
D0504,-0.0025068173,0.0062745644,0.0034822551,-0.0119701296,0.0160960314
D0505,0.0099332617,0.0062793169,0.0045357062,0.0064731942,-0.0032073102
D0506,0.0163895287,0.0131948862,0.0155727045,-0.0006777846,-0.0001290951
D0507,0.0149674004,0.0060802209,-0.0029939708,0.0014331990,0.0057059918
D0508,0.0071317073,0.0065444600,0.0046270326,0.0049368274,0.0012476572
D0509,-0.0062745689,-0.0053921034,0.0075295282,-0.0108195183,0.0030340002
D0510,-0.0227940927,-0.0153101404,-0.0198176702,-0.0122029114,-0.0005329001
D0511,-0.0047906420,-0.0122731191,-0.0058540325,0.0107507421,0.0148966328
D0512,0.0054508591,0.0038553220,0.0128599046,0.0123211945,0.0142625545
D0513,-0.0125722942,-0.0072594211,-0.0054932037,-0.0110375839,0.0017800193
D0514,0.0319768963,0.0238269373,0.0353358294,-0.0019014204,0.0022791765
D0515,0.0057601153,0.0002711765,-0.0051871289,0.0077771443,0.0137053440
D0516,-0.0132592520,-0.0043408815,-0.0065654324,0.0048079935,0.0051419453
D0517,0.0142565927,0.0097801356,0.0199397205,0.0011654589,0.0078609640
D0518,-0.0110717436,0.0023219377,0.0031514718,0.0080126784,-0.0121133711
D0519,-0.0109253879,-0.0016275607,-0.0014017944,-0.0116450888,0.0076358617
D0520,-0.0070599308,0.0016645111,-0.0003968215,0.0031694192,0.0121432612
D0521,-0.0119618930,-0.0121063962,-0.0137082239,0.0072818899,-0.0122304961
D0522,-0.0226405962,-0.0111152620,-0.0173150605,0.0004411593,-0.0181878140
D0523,-0.0089335783,-0.0057955418,-0.0004121453,-0.0038192628,0.0146326943
D0524,-0.0090108643,-0.0088139494,0.0009747325,0.0033528735,-0.0044721800
D0525,-0.0016737526,0.0049341254,0.0134949331,-0.0042955963,0.0004498866
D0526,0.0017256467,-0.0031182538,-0.0028051900,-0.0005063930,0.0099859645
D0527,0.0172095285,0.0099032213,0.0098864669,0.0023958310,-0.0040818535
D0528,0.0086339762,0.0053502624,-0.0003987908,-0.0085102519,0.0117002840
D0529,-0.0016916075,0.0061845645,0.0015750676,0.0029639461,0.0235938015
D0530,-0.0141778124,-0.0175326625,-0.0089921951,-0.0041587460,-0.0023742440
D0531,-0.0076438727,-0.0037399901,-0.0107755807,-0.0004629853,0.0033592395
D0532,-0.0134976572,-0.0118254123,-0.0147147880,-0.0089017173,-0.0071391634
D0533,0.0021225558,-0.0002809149,-0.0017268323,-0.0005930785,-0.0063697111
D0534,0.0100534174,0.0129743206,0.0096720493,0.0027116278,-0.0002188535
D0535,0.0055413690,0.0105912437,0.0132607321,-0.0126191037,0.0033901287
D0536,0.0175620760,0.0106067630,0.0184812520,-0.0069025438,-0.0135734296
D0537,0.0024326092,-0.0060394392,-0.0063926538,0.0083186046,-0.0170181165
D0538,-0.0172559684,-0.0157437648,-0.0168321427,-0.0006466560,0.0111394102
D0539,0.0137022151,0.0112297707,0.0127922772,0.0014270482,-0.0063121140
D0540,0.0123560093,0.0032870992,0.0102980072,0.0070241416,0.0040037890
D0541,-0.0019658930,0.0005570752,-0.0186842789,0.0014229159,-0.0020885414
D0542,-0.0002254492,0.0030416200,0.0020112081,-0.0078673340,-0.0024027408
D0543,0.0014124215,0.0015145769,0.0025319750,0.0076566645,-0.0081124874
D0544,0.0029111699,0.0076577520,-0.0044028946,0.0007878592,-0.0050665355
D0545,-0.0046613725,-0.0069410857,-0.0078911911,0.0137308504,-0.0097564811
D0546,-0.0157330806,-0.0159327429,-0.0049927766,-0.0008205070,-0.0011842179
D0547,-0.0051058564,-0.0074060650,-0.0087935946,0.0182412727,0.0156895829
D0548,-0.0113444166,-0.0044952749,-0.0112606131,-0.0113762145,0.0064746084
D0549,0.0165535661,0.0155158797,0.0128983161,-0.0030998229,0.0078870052
D0550,0.0059018156,0.0022187536,-0.0077959860,-0.0007742161,0.0091513688
D0551,-0.0161208232,-0.0076603763,-0.0071386125,0.0082470409,0.0094995586
D0552,-0.0091481931,-0.0130066513,-0.0162176028,0.0069183453,-0.0054283937
D0553,-0.0091423459,-0.0139007865,-0.0019857217,0.0074585129,0.0079689333
D0554,0.0138876037,0.0117088908,0.0106752433,-0.0028100916,-0.0033130595
D0555,0.0369902652,0.0267392671,0.0259594604,-0.0014864976,-0.0071413576
D0556,0.0213266937,0.0111401149,0.0163239561,0.0049606308,0.0058631091
D0557,0.0017854215,0.0013012340,0.0009796862,-0.0043260169,-0.0048561589
D0558,0.0209813857,0.0133415675,0.0097079261,-0.0069033723,0.0096770490
D0559,0.0098392183,0.0089870789,0.0075828863,0.0031027797,-0.0043641585
D0560,-0.0031217218,0.0023025258,0.0071191339,-0.0057508560,-0.0080573176
D0561,0.0019826607,0.0089663947,-0.0046260795,0.0017366641,-0.0120608534
D0562,-0.0083148108,-0.0069583487,-0.0101638781,-0.0029724880,-0.0014287151
D0563,-0.0069417544,-0.0108836544,-0.0054174880,0.0063183455,0.0082489228
D0564,-0.0208763826,-0.0122661500,-0.0096148849,-0.0040747214,-0.0013660947
D0565,-0.0011351138,0.0074353793,0.0187304422,-0.0101175054,0.0233578248
D0566,-0.0122076458,-0.0035968739,0.0011831650,-0.0045616672,0.0041768128
D0567,-0.0010140871,0.0018567407,0.0028692321,0.0093553276,0.0031771960
D0568,-0.0018503254,0.0036894166,0.0065905498,0.0064845126,-0.0037643466
D0569,-0.0140097901,-0.0115791135,-0.0163834631,0.0072440706,0.0090505930
D0570,-0.0016737133,0.0052761540,0.0131464027,0.0034210870,-0.0051802588
D0571,0.0223088587,0.0144192281,0.0168337293,-0.0053399950,-0.0078133061
D0572,-0.0198772389,-0.0101450027,-0.0172059146,0.0250613907,-0.0060258008
D0573,-0.0169494927,-0.0087678547,-0.0003680432,0.0038781036,0.0063500337
D0574,-0.0250729752,-0.0193028151,-0.0278119545,-0.0110595194,-0.0036955073
D0575,-0.0306064787,-0.0257570736,-0.0307401626,-0.0025726217,0.0001659057
D0576,0.0047111339,0.0070955655,0.0117306293,0.0085661403,0.0031716277
D0577,0.0046818464,0.0053968808,0.0062669692,-0.0031005591,-0.0028938032
D0578,-0.0108541039,-0.0051670540,-0.0069155283,-0.0030727519,-0.0071007395
D0579,-0.0162983592,-0.0062824802,-0.0076488805,-0.0034617428,0.0065725754
D0580,-0.0072909000,-0.0108663480,-0.0038780547,-0.0028993786,-0.0051002814
D0581,0.0010468919,0.0057901780,0.0051968810,-0.0082360006,0.0042924111
D0582,-0.0062451353,0.0042917365,0.0025553914,-0.0144812381,0.0013098112
D0583,0.0274257827,0.0249601392,0.0378880819,-0.0094726726,0.0103863824
D0584,-0.0095297133,-0.0051671100,-0.0144267744,-0.0037655159,-0.0080782696
D0585,0.0129289962,0.0120655978,0.0142381518,-0.0109849881,-0.0035457901
D0586,-0.0098640120,-0.0025505109,0.0038328327,0.0101310324,-0.0041694774
D0587,-0.0374901699,-0.0322167780,-0.0245692162,0.0022440575,-0.0091031864
D0588,0.0232413223,0.0208559385,0.0218277773,-0.0046039122,0.0002458170
D0589,0.0036243709,0.0094870318,0.0114299532,0.0058388655,0.0136789926
D0590,-0.0157339952,-0.0068971000,-0.0105278678,-0.0158678458,-0.0235107074
D0591,-0.0136335934,-0.0065048161,-0.0071620155,0.0036322691,0.0185034145
D0592,-0.0171117384,-0.0112357980,-0.0105402788,-0.0027567696,-0.0011074793
D0593,-0.0216970231,-0.0079223292,-0.0149420456,0.0181991788,0.0027810719
D0594,0.0147236737,0.0094882722,0.0103170070,-0.0061592911,0.0008088748
D0595,0.0048832381,-0.0001640893,-0.0002047665,-0.0053694296,0.0200154609
D0596,-0.0007673611,0.0063716211,0.0039757725,0.0027158575,-0.0106886063
D0597,-0.0057196533,-0.0027336820,0.0070452058,0.0033914606,0.0142958038
D0598,0.0093558613,0.0133587289,0.0125427329,0.0169724353,0.0007565165
D0599,-0.0101459721,-0.0118720572,0.0033750450,0.0080909609,-0.0014585589
D0600,0.0177860180,0.0147481717,0.0284264871,-0.0123287505,-0.0022288376
D0601,-0.0059337534,-0.0124698672,-0.0047657119,-0.0013672197,0.0055807942
D0602,0.0331795555,0.0202507386,0.0200516408,-0.0038693322,0.0100530231
D0603,-0.0073777138,-0.0075159516,-0.0007912046,0.0041423005,-0.0182660756
D0604,-0.0165061436,-0.0041234188,-0.0037164246,-0.0023190216,-0.0017430203
D0605,0.0006596335,0.0037492366,-0.0056541807,-0.0064065674,0.0010979021
D0606,-0.0009073868,0.0020035929,-0.0065650378,0.0025324757,0.0103890193
D0607,0.0072228614,0.0054239957,0.0051575938,-0.0069128271,-0.0014910165
D0608,0.0179340726,0.0113008681,0.0067700591,-0.0063667076,0.0012013853
D0609,-0.0047002270,-0.0008592644,0.0018454729,0.0077267380,0.0152155816
D0610,0.0142774951,0.0053259607,0.0009575335,-0.0031916517,-0.0049638529
D0611,-0.0152995351,-0.0118696139,-0.0158882245,-0.0030858211,-0.0049602270
D0612,0.0168079841,0.0119620506,0.0291967449,0.0003623993,0.0000537342
D0613,0.0005334668,0.0015611763,0.0042175160,0.0155314695,-0.0040663346
D0614,0.0123814498,0.0091020814,-0.0005091475,0.0034145958,0.0125949001
D0615,-0.0114031579,-0.0074179977,-0.0196330433,-0.0083063266,0.0064322279
D0616,-0.0059877347,-0.0087054750,-0.0070050987,-0.0032191126,-0.0058995447
D0617,0.0107222861,0.0019994511,-0.0024948860,-0.0011305618,0.0082452226
D0618,0.0176354794,0.0087065063,0.0164861951,-0.0078181726,0.0165886036
D0619,-0.0152363990,-0.0040512967,-0.0103845469,0.0171625286,0.0087066680
D0620,-0.0136044751,-0.0111139904,-0.0067216494,0.0098207321,0.0007218445
D0621,0.0010950961,0.0041336430,0.0045212533,-0.0090439417,-0.0086343325
D0622,0.0037346466,0.0078696814,0.0178937660,0.0066172011,0.0060829438
D0623,0.0108537755,0.0042601519,0.0043940911,-0.0077065674,-0.0128998186
D0624,0.0050987453,0.0042375238,0.0089265718,0.0038394583,0.0039759318
D0625,0.0081901724,0.0052584551,0.0085152034,-0.0060879952,0.0029917892
D0626,0.0097395889,0.0035179910,0.0049178292,-0.0059959564,-0.0058144291
D0627,-0.0151138650,-0.0042465732,0.0007651737,0.0071813621,0.0203610083
D0628,-0.0021465084,0.0119997650,0.0083490712,0.0035033257,-0.0010799493
D0629,0.0056361377,0.0074454003,0.0065024251,0.0126372697,0.0057815234
D0630,0.0042247656,-0.0011431134,0.0024128967,-0.0016031838,-0.0059648040
D0631,-0.0102847333,0.0050913225,0.0008418821,-0.0080432682,-0.0070121503
D0632,-0.0002384726,0.0023307495,0.0055305453,0.0056118518,-0.0040432905
D0633,0.0051942515,-0.0003638313,-0.0035677282,-0.0079305853,-0.0131384652
D0634,0.0152247477,0.0130757436,0.0200770357,-0.0008801554,0.0090774738
D0635,-0.0239329863,-0.0117882386,-0.0129901751,0.0084387931,0.0045605607
D0636,-0.0132031082,-0.0151383212,-0.0198908539,0.0050738340,0.0053316050
D0637,-0.0184817075,-0.0163223005,-0.0218607866,-0.0007112872,-0.0148587747
D0638,-0.0192315946,-0.0161134317,-0.0164980550,-0.0061557669,-0.0039285485
D0639,0.0151463536,0.0042799306,0.0047808089,0.0048871596,-0.0027969098
D0640,-0.0074741241,0.0003046358,-0.0030615628,0.0095743109,0.0062046731
D0641,-0.0042751898,-0.0006057171,0.0008059393,0.0085313279,-0.0029732863
D0642,0.0010472529,0.0005003513,0.0051600260,-0.0071632104,0.0084702492
D0643,0.0069388998,-0.0011587598,0.0080343209,0.0154924758,0.0128102942
D0644,0.0202523405,0.0137162815,0.0041622931,-0.0168189936,-0.0006004062
D0645,-0.0077278647,-0.0089911619,-0.0094575150,0.0052597031,-0.0133864214
D0646,-0.0057446686,0.0029583916,-0.0055469382,0.0074099286,-0.0027930983
D0647,0.0080401810,0.0101687527,0.0148436880,0.0065061874,-0.0075651709
D0648,0.0159100633,0.0067528113,0.0100802118,-0.0003881677,0.0050896872
D0649,0.0051459711,-0.0002537496,-0.0082714151,0.0047921123,0.0018278169
D0650,0.0164050562,0.0106264643,0.0025568152,0.0042605513,-0.0022291347
D0651,0.0052159129,0.0006546686,0.0121568446,-0.0064531553,-0.0035388897
D0652,0.0019652895,-0.0034268387,-0.0004957535,0.0113127170,-0.0025214796
D0653,0.0059523552,-0.0080980276,-0.0062464786,-0.0041603289,-0.0098183907
D0654,0.0154636852,0.0087735169,0.0088671605,-0.0049406220,-0.0180160848
D0655,-0.0152116670,-0.0056491634,-0.0212806906,-0.0039594745,-0.0058825378
D0656,0.0246405182,0.0195902272,0.0171645694,0.0063622573,-0.0036959876
D0657,0.0144609992,0.0035804853,0.0124617681,-0.0048652225,-0.0098307628
D0658,-0.0025331371,-0.0003544443,-0.0040345410,0.0044124193,-0.0046240559
D0659,0.0090737437,0.0079671543,0.0078719362,-0.0041484162,0.0014872953
D0660,0.0081019906,0.0144464783,0.0198122680,0.0074977896,0.0326734453
D0661,0.0076267028,0.0072063728,0.0119963880,-0.0077054747,-0.0043983657
D0662,-0.0065386562,-0.0013495111,-0.0034536302,0.0022412778,0.0105775742
D0663,0.0124383353,0.0075160948,0.0040545325,0.0063350749,0.0088812118
D0664,-0.0217844366,-0.0155495640,-0.0159234095,0.0087364578,0.0088718928
D0665,0.0044107578,0.0055433800,0.0058383918,-0.0050856952,-0.0026546340
D0666,0.0007393836,0.0004167389,-0.0119497616,-0.0037701035,-0.0011696298
D0667,-0.0034232311,-0.0032399084,-0.0002053600,-0.0071292635,-0.0165449395
D0668,-0.0043489893,0.0005955534,0.0107882055,0.0075769530,-0.0107454290
D0669,-0.0027441168,-0.0005835256,0.0001442697,0.0046465296,-0.0073232900
D0670,0.0013762171,0.0028325620,0.0080068724,-0.0053410841,-0.0033603160
D0671,-0.0369952004,-0.0268602076,-0.0326696936,-0.0027643647,-0.0019328624
D0672,-0.0002991403,-0.0100361974,-0.0072820989,-0.0074596695,0.0016617178
D0673,-0.0172885980,-0.0110992067,-0.0143073036,0.0045894482,0.0010015009
D0674,-0.0030600526,-0.0086671994,-0.0176766063,-0.0050670053,-0.0030489049
D0675,-0.0079533337,-0.0023739020,-0.0052556908,-0.0056691382,-0.0038643150
D0676,0.0036063136,0.0038729679,0.0161751679,-0.0041863318,0.0000543493
D0677,0.0063817133,0.0041593531,0.0012803599,-0.0122704719,-0.0070471246
D0678,-0.0144039263,-0.0169284873,-0.0221715291,-0.0066542433,0.0016533273
D0679,0.0088065403,0.0018783535,0.0013123600,-0.0151207844,-0.0077871308
D0680,0.0060055599,0.0076402958,0.0028011078,0.0070112848,-0.0119507134
D0681,-0.0168143056,-0.0078027922,0.0014101358,0.0071404944,0.0015696611
D0682,-0.0299461967,-0.0284013421,-0.0285186929,0.0008022858,-0.0131096910
D0683,0.0013843867,0.0014970943,0.0076449460,0.0014524418,0.0124786427
D0684,0.0005869773,-0.0000373674,0.0069854741,-0.0066110000,0.0253690129
D0685,0.0056767703,0.0054739602,0.0090145942,0.0134718727,0.0111325715
D0686,-0.0217677946,-0.0079969272,-0.0127828318,0.0043395421,-0.0114459101
D0687,0.0077686650,0.0023083615,0.0038702783,-0.0032209278,0.0173820748
D0688,0.0279477360,0.0185825496,0.0209308689,-0.0063387190,0.0108552769
D0689,-0.0040822105,-0.0044379404,0.0018776473,-0.0029389296,-0.0008353576
D0690,-0.0214387171,-0.0108537180,-0.0002042925,0.0095583485,0.0158407745
D0691,-0.0112496830,-0.0062400348,-0.0134692374,-0.0003302491,0.0061312923
D0692,0.0018872915,-0.0048857814,-0.0125502188,-0.0114233465,0.0007493752
D0693,0.0290790802,0.0251044826,0.0138423410,0.0062248542,0.0117378506
D0694,-0.0209396538,-0.0149528911,-0.0091714452,0.0074045786,-0.0113823599
D0695,0.0089402812,-0.0034538461,-0.0029803174,0.0061886051,0.0005616321
D0696,-0.0064384340,-0.0002218949,0.0050636982,0.0114246070,0.0113046694
D0697,0.0154626365,0.0134260646,0.0157519412,-0.0008670742,-0.0006635757
D0698,-0.0163256548,-0.0147977707,-0.0173017551,0.0035820229,0.0123854785
D0699,-0.0001030647,0.0044263064,0.0107859446,-0.0005785085,0.0067668721
D0700,-0.0028987909,0.0039963619,0.0070411835,-0.0072630457,0.0011684617
D0701,0.0233168781,0.0145508810,0.0192242714,0.0010798665,-0.0076879955
D0702,0.0075539374,-0.0010940832,-0.0038363549,0.0060539540,0.0038555610
D0703,-0.0037434753,-0.0004036749,-0.0014283004,0.0009113453,0.0064170899
D0704,-0.0096041789,-0.0060240223,-0.0088707280,-0.0102379668,-0.0112693190
D0705,0.0222094890,0.0163124841,0.0089269733,-0.0145800081,-0.0030302379
D0706,0.0221122021,0.0137380833,0.0239636681,0.0002381229,0.0065041865
D0707,-0.0180351558,-0.0076008191,-0.0117798489,0.0091427471,-0.0062234098
D0708,0.0029298638,0.0035493408,0.0024539269,0.0027732631,-0.0014504244
D0709,-0.0085189322,0.0015625707,0.0067281830,-0.0030442538,0.0058774790
D0710,-0.0098163710,-0.0115448667,-0.0047987298,-0.0109611638,0.0056075467
D0711,-0.0030262116,-0.0028250557,-0.0002972648,0.0048983401,-0.0066330289
D0712,0.0104229325,0.0074054974,-0.0002216979,-0.0030662866,0.0123007504
D0713,0.0237116104,0.0187570319,0.0121432472,0.0002302819,0.0093353450
D0714,0.0105335578,0.0104284140,0.0130037854,-0.0013062141,-0.0044091488
D0715,-0.0258267235,-0.0153274598,-0.0162756794,0.0079673993,-0.0119090919
D0716,0.0094152816,0.0152742173,0.0150927818,-0.0006609621,0.0048430620
D0717,0.0286417342,0.0143352038,0.0183277345,-0.0099382622,-0.0057942105
D0718,-0.0002110666,0.0058662566,0.0167330667,0.0048847077,-0.0004782368
D0719,0.0350223040,0.0211304274,0.0201288196,-0.0180303247,0.0109002239
D0720,0.0138948131,0.0198022071,0.0100867082,0.0092653326,0.0043842074
D0721,0.0116476894,0.0004698057,0.0119199533,0.0042770724,0.0010725424
D0722,0.0094166120,0.0028856434,0.0001822240,-0.0051272870,-0.0183546259
D0723,0.0124190406,0.0134490600,0.0089199205,0.0011711099,-0.0009248469
D0724,0.0050256400,0.0006174759,-0.0044869112,0.0064353936,0.0002503728
D0725,0.0284999864,0.0189431299,0.0148376836,0.0047810496,0.0082315107
D0726,0.0105497015,0.0122211303,0.0078751095,-0.0020176666,-0.0008011426
D0727,-0.0174118751,-0.0124697723,-0.0048770987,0.0047730224,-0.0118877551
D0728,-0.0210857170,-0.0064024673,-0.0096613156,-0.0010218603,-0.0028839567
D0729,-0.0199973706,-0.0067518856,-0.0117636196,0.0132698864,0.0028183809
D0730,0.0202876415,0.0144920712,0.0213265911,0.0031393566,0.0084420537
D0731,0.0052981091,0.0025299939,0.0155529448,-0.0063765468,0.0000756068
D0732,0.0006824893,0.0022999233,-0.0007976937,0.0023153330,-0.0009004508
D0733,-0.0214476107,-0.0139113324,-0.0227704696,-0.0100975431,-0.0026423565
D0734,0.0072376181,0.0071364597,0.0109738349,-0.0144334681,-0.0143533483
D0735,0.0278266268,0.0136981670,0.0203201877,-0.0088208186,0.0004010800
D0736,-0.0082998879,-0.0028804659,-0.0030183414,-0.0016834903,-0.0100265220
D0737,0.0041871920,-0.0025020622,0.0013032609,0.0184008114,0.0161013440
D0738,0.0104315564,0.0065369615,-0.0054410905,-0.0118817703,0.0090578362
D0739,-0.0104688000,-0.0098392326,-0.0113168224,-0.0065535540,-0.0138138109
D0740,-0.0002233144,-0.0039778397,-0.0083620415,-0.0062611834,0.0026370717
D0741,-0.0027407692,-0.0024933514,0.0012620944,-0.0003098456,-0.0024868211
D0742,0.0069960196,0.0075999817,0.0066448774,-0.0000025541,-0.0063284671
D0743,-0.0114517553,-0.0040314176,-0.0025091711,0.0055713598,0.0039130500
D0744,0.0011165077,0.0038755283,0.0095732248,0.0073841612,0.0017578788
D0745,0.0196981029,0.0139821502,0.0193430872,-0.0000840822,0.0041133558
D0746,-0.0097203737,-0.0031960046,0.0142398676,0.0004002983,0.0022989184
D0747,-0.0057076332,-0.0057948140,0.0041565784,-0.0034577905,-0.0048151818
D0748,-0.0215243921,-0.0173320148,-0.0296958719,0.0065413591,0.0245988818
D0749,-0.0046054999,-0.0102520349,-0.0036980810,-0.0048202957,0.0102518429
D0750,-0.0034323647,-0.0049372936,-0.0060267498,0.0057782041,-0.0015371149
D0751,-0.0064077668,-0.0049825758,-0.0137389380,0.0032190878,-0.0170116820
D0752,-0.0056787543,-0.0002956153,0.0007219717,0.0056965443,0.0010087357
D0753,0.0166873488,0.0150702992,0.0185479779,0.0052452692,0.0100508765
D0754,-0.0056142013,-0.0094938408,-0.0063646264,0.0045094029,0.0101285124
D0755,-0.0125000027,-0.0120789583,-0.0094693648,0.0011566526,-0.0182446110
